{
"event":
	[
	  {"name":"18 июля (среда), 18:00", "price":"бесплатно", "item":[
	  	{"name":"Бадминтон (оплата на месте от 1100 до 1300 рублей в зависимости от количества участников1)", "pricet":"бесплатно","price":"0"},
	  	{"name":"Абонемент (10 занятий, 1 занятие в подарок1)", "pricet":"9900 руб.", "price":"9900"}
	  ]},
	  {"name":"18 июля (среда), 19:00", "price":"бесплатно", "item":[
	  	{"name":"Бадминтон (оплата на месте от 1100 до 1300 рублей в зависимости от количества участников2)", "pricet":"бесплатно","price":"0"},
	  	{"name":"Абонемент (10 занятий, 1 занятие в подарок2)", "pricet":"9900 руб.", "price":"9900"}
	  ]},
	  {"name":"18 июля (среда), 20:00", "price":"бесплатно", "item":[
	  	{"name":"Бадминтон (оплата на месте от 1100 до 1300 рублей в зависимости от количества участников3)", "pricet":"бесплатно","price":"0"},
	  	{"name":"Абонемент (10 занятий, 1 занятие в подарок3)", "pricet":"9900 руб.", "price":"9900"}
	  ]},
	  {"name":"18 июля (среда), 21:00", "price":"бесплатно", "item":[
	  	{"name":"Бадминтон (оплата на месте от 1100 до 1300 рублей в зависимости от количества участников4)", "pricet":"бесплатно","price":"0"},
	  	{"name":"Абонемент (10 занятий, 1 занятие в подарок4)", "pricet":"9900 руб.", "price":"9900"}
	  ]}
	]
}